ID;STATUS;AANBIEDER;AANSLUITINGEN;DATUMPLAATSING;ADRES;geo_shape;geo_point_2d
308031.0;Bestaand;Allegro;2.0;;Badelochstraat;"{""coordinates"": [5.471338210115161, 51.47047673602885], ""type"": ""Point""}";51.47047673602885,5.471338210115161
308055.0;Bestaand;Allegro;2.0;2022-09-14T04:00:00+02:00;Waterfront th hu 13;"{""coordinates"": [5.404692394225956, 51.43770878946666], ""type"": ""Point""}";51.43770878946666,5.404692394225956
308071.0;Bestaand;EVnetNL;2.0;2022-09-12T04:00:00+02:00;Zaanstraat 19, Acht;"{""coordinates"": [5.425637169543503, 51.479551498689986], ""type"": ""Point""}";51.479551498689986,5.425637169543503
308208.0;Aangevraagde locatie;Park n charge;2.0;2022-04-26T04:00:00+02:00;Nieuwe Fellenoord;"{""coordinates"": [5.472995664202638, 51.44712346671926], ""type"": ""Point""}";51.44712346671926,5.472995664202638
308093.0;;;;;;"{""coordinates"": [5.476640010358256, 51.48325128259502], ""type"": ""Point""}";51.48325128259502,5.476640010358256
308096.0;;;;;;"{""coordinates"": [5.490100292634439, 51.42745966301884], ""type"": ""Point""}";51.42745966301884,5.490100292634439
308100.0;;;;;;"{""coordinates"": [5.446365646630597, 51.449588605093105], ""type"": ""Point""}";51.449588605093105,5.446365646630597
308103.0;;;;;;"{""coordinates"": [5.482498562473027, 51.44022386989245], ""type"": ""Point""}";51.44022386989245,5.482498562473027
308121.0;;;;;;"{""coordinates"": [5.492853246813479, 51.42140789344389], ""type"": ""Point""}";51.42140789344389,5.492853246813479
308125.0;;;;;;"{""coordinates"": [5.474496368437973, 51.48228138881831], ""type"": ""Point""}";51.48228138881831,5.474496368437973
308140.0;;;;;;"{""coordinates"": [5.467643324968943, 51.43734502820515], ""type"": ""Point""}";51.43734502820515,5.467643324968943
308042.0;;;;;;"{""coordinates"": [5.481190771533727, 51.472542433463], ""type"": ""Point""}";51.472542433463,5.481190771533727
308050.0;;;;;;"{""coordinates"": [5.494914161018284, 51.47036786394888], ""type"": ""Point""}";51.47036786394888,5.494914161018284
308057.0;;;;;;"{""coordinates"": [5.454558900886318, 51.44151033884862], ""type"": ""Point""}";51.44151033884862,5.454558900886318
308058.0;;;;;;"{""coordinates"": [5.4390254431780205, 51.441691269194905], ""type"": ""Point""}";51.441691269194905,5.4390254431780205
308060.0;;;;;;"{""coordinates"": [5.505255621047547, 51.41846984348436], ""type"": ""Point""}";51.41846984348436,5.505255621047547
308078.0;Bestaand;E-flux;2.0;2022-09-12T04:00:00+02:00;NormandiÃ«laan, th HU 51;"{""coordinates"": [5.45184575354837, 51.480811042189345], ""type"": ""Point""}";51.480811042189345,5.45184575354837
308079.0;;;;;;"{""coordinates"": [5.465436665525525, 51.45015271538821], ""type"": ""Point""}";51.45015271538821,5.465436665525525
308092.0;;;;;;"{""coordinates"": [5.473859996710349, 51.432326628438275], ""type"": ""Point""}";51.432326628438275,5.473859996710349
308095.0;;;;;;"{""coordinates"": [5.46041180304985, 51.472575771504005], ""type"": ""Point""}";51.472575771504005,5.46041180304985
308097.0;;;;;;"{""coordinates"": [5.493883028883907, 51.4244658316606], ""type"": ""Point""}";51.4244658316606,5.493883028883907
308102.0;;;;;;"{""coordinates"": [5.490730466883359, 51.4309540380496], ""type"": ""Point""}";51.4309540380496,5.490730466883359
308104.0;Bestaand;Allegro;2.0;2022-09-20T04:00:00+02:00;Torenberglaan;"{""coordinates"": [5.468362655586113, 51.48328831219518], ""type"": ""Point""}";51.48328831219518,5.468362655586113
308105.0;;;;;;"{""coordinates"": [5.490532646913139, 51.41368930098809], ""type"": ""Point""}";51.41368930098809,5.490532646913139
308111.0;;;;;;"{""coordinates"": [5.463942078656406, 51.43009603041058], ""type"": ""Point""}";51.43009603041058,5.463942078656406
308114.0;;;;;;"{""coordinates"": [5.494085138566155, 51.42944112462241], ""type"": ""Point""}";51.42944112462241,5.494085138566155
308117.0;Bestaand;Allegro;2.0;2022-09-12T04:00:00+02:00;Tourslaan;"{""coordinates"": [5.4449798853112155, 51.48794411843514], ""type"": ""Point""}";51.48794411843514,5.4449798853112155
308119.0;;;;;;"{""coordinates"": [5.4744899687386, 51.437152033484836], ""type"": ""Point""}";51.437152033484836,5.4744899687386
308120.0;;;;;;"{""coordinates"": [5.501090682870829, 51.47490773233488], ""type"": ""Point""}";51.47490773233488,5.501090682870829
308123.0;;;;;;"{""coordinates"": [5.478354038414208, 51.45490570771628], ""type"": ""Point""}";51.45490570771628,5.478354038414208
308124.0;;;;;;"{""coordinates"": [5.484514590611936, 51.469610256907664], ""type"": ""Point""}";51.469610256907664,5.484514590611936
308127.0;;;;;;"{""coordinates"": [5.503836404763035, 51.43004632155877], ""type"": ""Point""}";51.43004632155877,5.503836404763035
308141.0;;;;;;"{""coordinates"": [5.461203755648135, 51.43817206203491], ""type"": ""Point""}";51.43817206203491,5.461203755648135
308151.0;;;;;;"{""coordinates"": [5.501133884869231, 51.42488789277768], ""type"": ""Point""}";51.42488789277768,5.501133884869231
308155.0;Bestaand;Allegro;2.0;2022-09-12T04:00:00+02:00;Heraultlaan th HU 9;"{""coordinates"": [5.438006454463948, 51.48529741635901], ""type"": ""Point""}";51.48529741635901,5.438006454463948
308163.0;;;;;;"{""coordinates"": [5.46719042254909, 51.43547313454591], ""type"": ""Point""}";51.43547313454591,5.46719042254909
308166.0;;;;;;"{""coordinates"": [5.446416152271788, 51.42116702695305], ""type"": ""Point""}";51.42116702695305,5.446416152271788
308168.0;;;;;;"{""coordinates"": [5.480644163598816, 51.46912972902244], ""type"": ""Point""}";51.46912972902244,5.480644163598816
308171.0;;;;;;"{""coordinates"": [5.510703245257973, 51.41913729197314], ""type"": ""Point""}";51.41913729197314,5.510703245257973
308173.0;Bestaand;Allegro;2.0;2022-09-28T04:00:00+02:00;Zeelsterstraat;"{""coordinates"": [5.437754053712527, 51.437653426009696], ""type"": ""Point""}";51.437653426009696,5.437754053712527
308174.0;Bestaand;Allegro;2.0;;Slangenburg;"{""coordinates"": [5.438249334450077, 51.41597915105685], ""type"": ""Point""}";51.41597915105685,5.438249334450077
308179.0;Bestaand;Allegro;2.0;2022-09-13T04:00:00+02:00;Veldmaarschalk Montgomerylaan;"{""coordinates"": [5.477629022834306, 51.458770911769776], ""type"": ""Point""}";51.458770911769776,5.477629022834306
308186.0;;;;;;"{""coordinates"": [5.50124922858924, 51.42771755263618], ""type"": ""Point""}";51.42771755263618,5.50124922858924
308189.0;Bestaand;Allegro;2.0;2022-09-14T04:00:00+02:00;Bosruiter;"{""coordinates"": [5.414336131064024, 51.447439156361696], ""type"": ""Point""}";51.447439156361696,5.414336131064024
308190.0;;;;;;"{""coordinates"": [5.477715949418625, 51.449320470262805], ""type"": ""Point""}";51.449320470262805,5.477715949418625
308192.0;;;;;;"{""coordinates"": [5.497308361578131, 51.47243718725319], ""type"": ""Point""}";51.47243718725319,5.497308361578131
308193.0;Bestaand;Park n charge;2.0;2022-09-21T04:00:00+02:00;Soetendaal;"{""coordinates"": [5.432399178507346, 51.41581895967918], ""type"": ""Point""}";51.41581895967918,5.432399178507346
308196.0;;;;;;"{""coordinates"": [5.487832332146025, 51.423180020881574], ""type"": ""Point""}";51.423180020881574,5.487832332146025
308199.0;;;;;;"{""coordinates"": [5.461330240348821, 51.46863283013163], ""type"": ""Point""}";51.46863283013163,5.461330240348821
308200.0;;;;;;"{""coordinates"": [5.464663841111417, 51.418325220691884], ""type"": ""Point""}";51.418325220691884,5.464663841111417
308221.0;;;;;;"{""coordinates"": [5.475974479120831, 51.43776542230743], ""type"": ""Point""}";51.43776542230743,5.475974479120831
308224.0;Aangevraagde locatie;Park n charge;2.0;2022-06-20T04:00:00+02:00;;"{""coordinates"": [5.492395012459853, 51.42506198847055], ""type"": ""Point""}";51.42506198847055,5.492395012459853
308225.0;;;;;;"{""coordinates"": [5.4923950196405125, 51.425061984868606], ""type"": ""Point""}";51.425061984868606,5.4923950196405125
308279.0;Bestaand;E-flux;2.0;2022-09-15T04:00:00+02:00;van Renesseweg;"{""coordinates"": [5.513521749410858, 51.428389126680656], ""type"": ""Point""}";51.428389126680656,5.513521749410858
308268.0;Aangevraagde locatie;Allegro;2.0;;;"{""coordinates"": [5.462895724363642, 51.47843575920673], ""type"": ""Point""}";51.47843575920673,5.462895724363642
308156.0;;;;;;"{""coordinates"": [5.464324658011065, 51.4368826954445], ""type"": ""Point""}";51.4368826954445,5.464324658011065
308201.0;;;;;;"{""coordinates"": [5.483114060805235, 51.41415758860338], ""type"": ""Point""}";51.41415758860338,5.483114060805235
308277.0;Bestaand;Allegro;2.0;2022-09-14T04:00:00+02:00;Zanderiger 9;"{""coordinates"": [5.411553145311138, 51.44569416180834], ""type"": ""Point""}";51.44569416180834,5.411553145311138
307939.0;Bestaand;EVnetNL;2.0;2022-09-21T04:00:00+02:00;Hurksestraat;"{""coordinates"": [5.437966833203779, 51.43346180632584], ""type"": ""Point""}";51.43346180632584,5.437966833203779
308185.0;Bestaand;Allegro;2.0;2022-09-21T04:00:00+02:00;Twickel;"{""coordinates"": [5.435598486967063, 51.415515228342514], ""type"": ""Point""}";51.415515228342514,5.435598486967063
308175.0;Bestaand;Park n charge;2.0;2022-09-21T04:00:00+02:00;Duistervoorde;"{""coordinates"": [5.439287507959001, 51.416786944421204], ""type"": ""Point""}";51.416786944421204,5.439287507959001
308160.0;Bestaand;Allegro;2.0;2022-09-27T04:00:00+02:00;Vuurvogel;"{""coordinates"": [5.480181719659933, 51.488495407367246], ""type"": ""Point""}";51.488495407367246,5.480181719659933
308184.0;Bestaand;Allegro;2.0;2022-09-27T04:00:00+02:00;Vaartbroek;"{""coordinates"": [5.5009790819264826, 51.479058234961215], ""type"": ""Point""}";51.479058234961215,5.5009790819264826
307982.0;;;;;;"{""coordinates"": [5.525313447553077, 51.449237566171455], ""type"": ""Point""}";51.449237566171455,5.525313447553077
307984.0;;;;;;"{""coordinates"": [5.460288950306234, 51.4667285054538], ""type"": ""Point""}";51.4667285054538,5.460288950306234
307985.0;Bestaand;Allegro;2.0;2022-06-30T04:00:00+02:00;Aarlenlaan;"{""coordinates"": [5.481715905188195, 51.48287660078183], ""type"": ""Point""}";51.48287660078183,5.481715905188195
307988.0;;;;;;"{""coordinates"": [5.476384645980088, 51.447791833597925], ""type"": ""Point""}";51.447791833597925,5.476384645980088
307989.0;Bestaand;Allegro;2.0;2022-09-27T04:00:00+02:00;Goudrenetstraat;"{""coordinates"": [5.494663863099957, 51.480662996638706], ""type"": ""Point""}";51.480662996638706,5.494663863099957
307991.0;;;;;;"{""coordinates"": [5.512390203716979, 51.4377050069665], ""type"": ""Point""}";51.4377050069665,5.512390203716979
307993.0;;;;;;"{""coordinates"": [5.464113507742948, 51.432993354849884], ""type"": ""Point""}";51.432993354849884,5.464113507742948
307997.0;;;;;;"{""coordinates"": [5.497119992564447, 51.46842593463086], ""type"": ""Point""}";51.46842593463086,5.497119992564447
307998.0;;;;;;"{""coordinates"": [5.482455683312373, 51.42210034657467], ""type"": ""Point""}";51.42210034657467,5.482455683312373
307999.0;;;;;;"{""coordinates"": [5.490844547879493, 51.43426588672691], ""type"": ""Point""}";51.43426588672691,5.490844547879493
308000.0;;;;;;"{""coordinates"": [5.469138068829702, 51.42915736849371], ""type"": ""Point""}";51.42915736849371,5.469138068829702
308005.0;Bestaand;Allegro;2.0;2022-09-14T04:00:00+02:00;Graslinnen;"{""coordinates"": [5.418009340025198, 51.43529215815344], ""type"": ""Point""}";51.43529215815344,5.418009340025198
308008.0;;;;;;"{""coordinates"": [5.445448917289827, 51.44572241347542], ""type"": ""Point""}";51.44572241347542,5.445448917289827
308011.0;;;;;;"{""coordinates"": [5.484098088785318, 51.44489672080253], ""type"": ""Point""}";51.44489672080253,5.484098088785318
307901.0;;;;;;"{""coordinates"": [5.450148896824448, 51.43912955246835], ""type"": ""Point""}";51.43912955246835,5.450148896824448
307905.0;;;;;;"{""coordinates"": [5.458900744270603, 51.44542278537904], ""type"": ""Point""}";51.44542278537904,5.458900744270603
307911.0;;;;;;"{""coordinates"": [5.462401787387076, 51.42338422545572], ""type"": ""Point""}";51.42338422545572,5.462401787387076
307916.0;;;;;;"{""coordinates"": [5.443524006711996, 51.415753480402266], ""type"": ""Point""}";51.415753480402266,5.443524006711996
307918.0;;;;;;"{""coordinates"": [5.475836045783301, 51.41703298115314], ""type"": ""Point""}";51.41703298115314,5.475836045783301
307919.0;;;;;;"{""coordinates"": [5.494501540444176, 51.44216845434256], ""type"": ""Point""}";51.44216845434256,5.494501540444176
307921.0;;;;;;"{""coordinates"": [5.492405510847326, 51.43732110395258], ""type"": ""Point""}";51.43732110395258,5.492405510847326
307925.0;;;2.0;;Alberdingk Thijmlaan stadspaviljoen;"{""coordinates"": [5.482854397689235, 51.42819877816498], ""type"": ""Point""}";51.42819877816498,5.482854397689235
307926.0;;;;;;"{""coordinates"": [5.475054209809705, 51.43439587012782], ""type"": ""Point""}";51.43439587012782,5.475054209809705
307927.0;;;;;;"{""coordinates"": [5.47069688486717, 51.43767431680545], ""type"": ""Point""}";51.43767431680545,5.47069688486717
307932.0;Bestaand;EVnetNL;2.0;2022-09-13T04:00:00+02:00;Europalaan;"{""coordinates"": [5.481456981560022, 51.45741405806868], ""type"": ""Point""}";51.45741405806868,5.481456981560022
307942.0;;;2.0;;Limburglaan;"{""coordinates"": [5.451140419112179, 51.43467258932581], ""type"": ""Point""}";51.43467258932581,5.451140419112179
307945.0;;;;;;"{""coordinates"": [5.442069059113355, 51.438826692203385], ""type"": ""Point""}";51.438826692203385,5.442069059113355
307955.0;;;;;;"{""coordinates"": [5.46148057969857, 51.4229606950203], ""type"": ""Point""}";51.4229606950203,5.46148057969857
307960.0;;;;;;"{""coordinates"": [5.476827729901078, 51.47301668927498], ""type"": ""Point""}";51.47301668927498,5.476827729901078
307961.0;;;;;;"{""coordinates"": [5.494405646522098, 51.41936667082041], ""type"": ""Point""}";51.41936667082041,5.494405646522098
307963.0;Bestaand;Allegro;2.0;;Generaal Bentinckstraat;"{""coordinates"": [5.48451124417211, 51.464700844802906], ""type"": ""Point""}";51.464700844802906,5.48451124417211
307968.0;Bestaand;Allegro;2.0;2022-09-13T04:00:00+02:00;;"{""coordinates"": [5.414195811575387, 51.43987467451488], ""type"": ""Point""}";51.43987467451488,5.414195811575387
307969.0;Bestaand;Allegro;2.0;2022-09-13T04:00:00+02:00;Graskarper;"{""coordinates"": [5.41616542566567, 51.43821708181504], ""type"": ""Point""}";51.43821708181504,5.41616542566567
307971.0;;;;;;"{""coordinates"": [5.460804942865614, 51.4598093334156], ""type"": ""Point""}";51.4598093334156,5.460804942865614
307977.0;;;;;;"{""coordinates"": [5.484493584136075, 51.431081105298645], ""type"": ""Point""}";51.431081105298645,5.484493584136075
307978.0;;;;;;"{""coordinates"": [5.458359231641425, 51.448081785471786], ""type"": ""Point""}";51.448081785471786,5.458359231641425
307979.0;Bestaand;Allegro;2.0;2022-09-15T04:00:00+02:00;Joris de Minnestraat;"{""coordinates"": [5.4702467622486886, 51.46216594434686], ""type"": ""Point""}";51.46216594434686,5.4702467622486886
308022.0;;;;;;"{""coordinates"": [5.464057436662444, 51.429825835458416], ""type"": ""Point""}";51.429825835458416,5.464057436662444
308023.0;Bestaand;Allegro;2.0;2022-09-27T04:00:00+02:00;Baristraat;"{""coordinates"": [5.502956957437863, 51.48540026103334], ""type"": ""Point""}";51.48540026103334,5.502956957437863
308027.0;;;;;;"{""coordinates"": [5.527086290712685, 51.445403633261726], ""type"": ""Point""}";51.445403633261726,5.527086290712685
308034.0;;;;;;"{""coordinates"": [5.52049075548566, 51.44811012597332], ""type"": ""Point""}";51.44811012597332,5.52049075548566
308035.0;Bestaand;Allegro;2.0;2022-09-12T04:00:00+02:00;Orleanhof HU 48;"{""coordinates"": [5.448028418386353, 51.48481747186417], ""type"": ""Point""}";51.48481747186417,5.448028418386353
308230.0;;;;;;"{""coordinates"": [5.512659962046926, 51.426760961898495], ""type"": ""Point""}";51.426760961898495,5.512659962046926
308233.0;;;;;;"{""coordinates"": [5.5130590341635655, 51.42718648699631], ""type"": ""Point""}";51.42718648699631,5.5130590341635655
308234.0;;;;;;"{""coordinates"": [5.512666854477564, 51.426841187471034], ""type"": ""Point""}";51.426841187471034,5.512666854477564
308241.0;;;;;;"{""coordinates"": [5.512350793658916, 51.425953975885676], ""type"": ""Point""}";51.425953975885676,5.512350793658916
308242.0;;;;;;"{""coordinates"": [5.512514420440977, 51.42656668439057], ""type"": ""Point""}";51.42656668439057,5.512514420440977
308245.0;;;;;;"{""coordinates"": [5.512851396187952, 51.4269481335892], ""type"": ""Point""}";51.4269481335892,5.512851396187952
308247.0;;;;;;"{""coordinates"": [5.512831450875988, 51.427088216794296], ""type"": ""Point""}";51.427088216794296,5.512831450875988
308249.0;;;;;;"{""coordinates"": [5.512497445284914, 51.426406623170735], ""type"": ""Point""}";51.426406623170735,5.512497445284914
308251.0;;;;;;"{""coordinates"": [5.512700361468031, 51.427130254422025], ""type"": ""Point""}";51.427130254422025,5.512700361468031
308227.0;Bestaand;Allegro;2.0;2022-06-30T04:00:00+02:00;Bastenakenlaan;"{""coordinates"": [5.4792009232597065, 51.48186064982143], ""type"": ""Point""}";51.48186064982143,5.4792009232597065
308258.0;;;;;;"{""coordinates"": [5.512807569233255, 51.427114777156376], ""type"": ""Point""}";51.427114777156376,5.512807569233255
308259.0;;;;;;"{""coordinates"": [5.51222657657249, 51.42599480111304], ""type"": ""Point""}";51.42599480111304,5.51222657657249
308265.0;;;;;;"{""coordinates"": [5.512940916288977, 51.42730224505044], ""type"": ""Point""}";51.42730224505044,5.512940916288977
308274.0;Bestaand;;2.0;2022-08-23T04:00:00+02:00;Waterlinie, achterzijde HU 97;"{""coordinates"": [5.3932697472410105, 51.43630257983151], ""type"": ""Point""}";51.43630257983151,5.3932697472410105
308275.0;Aangevraagde locatie;;2.0;2022-08-30T04:00:00+02:00;;"{""coordinates"": [5.443433380573304, 51.44781123589182], ""type"": ""Point""}";51.44781123589182,5.443433380573304
308143.0;Bestaand;Allegro;2.0;2022-09-15T04:00:00+02:00;Tivililaan;"{""coordinates"": [5.505769200748886, 51.423652767314266], ""type"": ""Point""}";51.423652767314266,5.505769200748886
308040.0;;;;;;"{""coordinates"": [5.4673201974902055, 51.43292486386001], ""type"": ""Point""}";51.43292486386001,5.4673201974902055
308045.0;;;;;;"{""coordinates"": [5.455729497254008, 51.476620828324805], ""type"": ""Point""}";51.476620828324805,5.455729497254008
308051.0;Bestaand;Allegro;2.0;2022-09-27T04:00:00+02:00;Busweg;"{""coordinates"": [5.494685971283782, 51.48394715009764], ""type"": ""Point""}";51.48394715009764,5.494685971283782
308061.0;;;;;;"{""coordinates"": [5.477765638639785, 51.430601190311904], ""type"": ""Point""}";51.430601190311904,5.477765638639785
308280.0;Bestaand;E-flux;2.0;2022-09-15T04:00:00+02:00;Fabritiuslaan;"{""coordinates"": [5.512286206141648, 51.42876435476075], ""type"": ""Point""}";51.42876435476075,5.512286206141648
308088.0;;;;;;"{""coordinates"": [5.4810656477869175, 51.449017982996104], ""type"": ""Point""}";51.449017982996104,5.4810656477869175
308107.0;Bestaand;Allegro;2.0;2022-09-15T04:00:00+02:00;Geert Grootestraat;"{""coordinates"": [5.507905626176232, 51.4254306108094], ""type"": ""Point""}";51.4254306108094,5.507905626176232
308112.0;Bestaand;Allegro;2.0;2022-09-20T04:00:00+02:00;Gaasterlandstraat;"{""coordinates"": [5.461438293360475, 51.476590674881066], ""type"": ""Point""}";51.476590674881066,5.461438293360475
308131.0;;;;;;"{""coordinates"": [5.4497169046854, 51.47386284771458], ""type"": ""Point""}";51.47386284771458,5.4497169046854
308137.0;;;;;;"{""coordinates"": [5.497232325271213, 51.433170140598], ""type"": ""Point""}";51.433170140598,5.497232325271213
308144.0;;;;;;"{""coordinates"": [5.504171092729214, 51.419771566020124], ""type"": ""Point""}";51.419771566020124,5.504171092729214
308039.0;Bestaand;Park n charge;2.0;2022-09-27T04:00:00+02:00;De Stoutheuvel;"{""coordinates"": [5.491780272042985, 51.47773138365714], ""type"": ""Point""}";51.47773138365714,5.491780272042985
308043.0;Bestaand;Allegro;2.0;;Jan van Boonenstraat;"{""coordinates"": [5.472581146029269, 51.45879845285628], ""type"": ""Point""}";51.45879845285628,5.472581146029269
308044.0;;;;;;"{""coordinates"": [5.455169792525727, 51.46686814641437], ""type"": ""Point""}";51.46686814641437,5.455169792525727
308065.0;;;;;;"{""coordinates"": [5.447798470334251, 51.45030760735524], ""type"": ""Point""}";51.45030760735524,5.447798470334251
308070.0;;;;;;"{""coordinates"": [5.474603280457482, 51.47120810152231], ""type"": ""Point""}";51.47120810152231,5.474603280457482
308072.0;;;;;;"{""coordinates"": [5.469033849675175, 51.44731231329447], ""type"": ""Point""}";51.44731231329447,5.469033849675175
308082.0;Bestaand;Allegro;2.0;2022-09-20T04:00:00+02:00;de Jonghlaan;"{""coordinates"": [5.463587214993789, 51.44294530354964], ""type"": ""Point""}";51.44294530354964,5.463587214993789
308084.0;;;;;;"{""coordinates"": [5.4764485319053415, 51.480722644238426], ""type"": ""Point""}";51.480722644238426,5.4764485319053415
308086.0;;;;;;"{""coordinates"": [5.453480154225089, 51.41675007477616], ""type"": ""Point""}";51.41675007477616,5.453480154225089
308087.0;Bestaand;Allegro;2.0;2022-09-14T04:00:00+02:00;Waterfront;"{""coordinates"": [5.401760284605034, 51.43963298256711], ""type"": ""Point""}";51.43963298256711,5.401760284605034
308091.0;;;;;;"{""coordinates"": [5.48979851736105, 51.46023451647482], ""type"": ""Point""}";51.46023451647482,5.48979851736105
308109.0;;;;;;"{""coordinates"": [5.490621718458836, 51.46433721903565], ""type"": ""Point""}";51.46433721903565,5.490621718458836
308110.0;;;;;;"{""coordinates"": [5.464077800798164, 51.46265992004371], ""type"": ""Point""}";51.46265992004371,5.464077800798164
308116.0;Bestaand;Allegro;2.0;2022-09-12T04:00:00+02:00;Spaarnestraat, Acht;"{""coordinates"": [5.424037093766036, 51.477922008072916], ""type"": ""Point""}";51.477922008072916,5.424037093766036
308126.0;Bestaand;Allegro;2.0;2022-09-15T04:00:00+02:00;Alberdingk Thijmlaan;"{""coordinates"": [5.48036730239679, 51.42694419570027], ""type"": ""Point""}";51.42694419570027,5.48036730239679
308129.0;;;;;;"{""coordinates"": [5.486645031719073, 51.45811323158173], ""type"": ""Point""}";51.45811323158173,5.486645031719073
308130.0;;;;;;"{""coordinates"": [5.524123706497625, 51.4425662461183], ""type"": ""Point""}";51.4425662461183,5.524123706497625
307899.0;Bestaand;EVnetNL;2.0;2022-09-28T04:00:00+02:00;Zeelsterstraat;"{""coordinates"": [5.432856149392041, 51.4380853114257], ""type"": ""Point""}";51.4380853114257,5.432856149392041
308132.0;Bestaand;Allegro;2.0;2022-09-12T04:00:00+02:00;Alsacelaan, HU 23;"{""coordinates"": [5.4422106090702345, 51.48178859915177], ""type"": ""Point""}";51.48178859915177,5.4422106090702345
308134.0;;;;;;"{""coordinates"": [5.476638559389207, 51.44672089091975], ""type"": ""Point""}";51.44672089091975,5.476638559389207
308136.0;;;;;;"{""coordinates"": [5.483180622925707, 51.45141439865554], ""type"": ""Point""}";51.45141439865554,5.483180622925707
308138.0;Bestaand;EVnetNL;2.0;2022-09-12T04:00:00+02:00;Vaalserbergweg, th pand 1642;"{""coordinates"": [5.457747503542567, 51.482352428736185], ""type"": ""Point""}";51.482352428736185,5.457747503542567
308139.0;;;;;;"{""coordinates"": [5.455169130740191, 51.46505358921123], ""type"": ""Point""}";51.46505358921123,5.455169130740191
308145.0;;;;;;"{""coordinates"": [5.460700360967128, 51.424126852289156], ""type"": ""Point""}";51.424126852289156,5.460700360967128
308157.0;;;;;;"{""coordinates"": [5.465852777607717, 51.45480062429059], ""type"": ""Point""}";51.45480062429059,5.465852777607717
308158.0;;;;;;"{""coordinates"": [5.472368302783369, 51.48853516219895], ""type"": ""Point""}";51.48853516219895,5.472368302783369
308161.0;;;;;;"{""coordinates"": [5.458800124271239, 51.45647083958623], ""type"": ""Point""}";51.45647083958623,5.458800124271239
308164.0;;;;;Esp 130, priveterrein Sioux;"{""coordinates"": [5.489409458698293, 51.48726998560448], ""type"": ""Point""}";51.48726998560448,5.489409458698293
308170.0;Bestaand;Allegro;2.0;;Zandkrab;"{""coordinates"": [5.410266607414032, 51.45011416045419], ""type"": ""Point""}";51.45011416045419,5.410266607414032
308181.0;;;;;;"{""coordinates"": [5.494235699394951, 51.42704348021067], ""type"": ""Point""}";51.42704348021067,5.494235699394951
308187.0;Bestaand;Allegro;2.0;2022-09-28T04:00:00+02:00;Van Maanenlaan;"{""coordinates"": [5.4350494705404, 51.44540999656777], ""type"": ""Point""}";51.44540999656777,5.4350494705404
308188.0;Bestaand;Allegro;2.0;2022-09-14T04:00:00+02:00;Waterfront;"{""coordinates"": [5.398229228368921, 51.440178145670515], ""type"": ""Point""}";51.440178145670515,5.398229228368921
308272.0;Bestaand;Park n charge;2.0;2022-08-18T04:00:00+02:00;Zutphenstraat;"{""coordinates"": [5.441937020579038, 51.44706458927206], ""type"": ""Point""}";51.44706458927206,5.441937020579038
308273.0;;;;;;"{""coordinates"": [5.487527972295151, 51.4384281661606], ""type"": ""Point""}";51.4384281661606,5.487527972295151
308209.0;Aangevraagde locatie;Park n charge;2.0;2022-04-26T04:00:00+02:00;Otto Veniusweg;"{""coordinates"": [5.503798883080238, 51.430482759681745], ""type"": ""Point""}";51.430482759681745,5.503798883080238
308135.0;Bestaand;Allegro;2.0;;Woenselsestraat;"{""coordinates"": [5.471924728057059, 51.46200817095092], ""type"": ""Point""}";51.46200817095092,5.471924728057059
308159.0;;;;;;"{""coordinates"": [5.483859526025053, 51.42274142209466], ""type"": ""Point""}";51.42274142209466,5.483859526025053
308222.0;Aangevraagde locatie;Allegro;2.0;;;"{""coordinates"": [5.499095604489148, 51.41865500914493], ""type"": ""Point""}";51.41865500914493,5.499095604489148
308191.0;Bestaand;Park n charge;2.0;;Vaeshartelt;"{""coordinates"": [5.442938913414899, 51.41778854116156], ""type"": ""Point""}";51.41778854116156,5.442938913414899
308282.0;Aangevraagde locatie;OPCHARGE;2.0;2022-07-01T04:00:00+02:00;Cherbourglaan;"{""coordinates"": [5.449277869463854, 51.48927258455578], ""type"": ""Point""}";51.48927258455578,5.449277869463854
308053.0;Bestaand;Allegro;2.0;2022-09-27T04:00:00+02:00;Tomatenstraat;"{""coordinates"": [5.4996936917475825, 51.478127674411176], ""type"": ""Point""}";51.478127674411176,5.4996936917475825
307981.0;;;;;;"{""coordinates"": [5.471060342926875, 51.433259483827975], ""type"": ""Point""}";51.433259483827975,5.471060342926875
307986.0;;;;;;"{""coordinates"": [5.500493441225829, 51.43705073251188], ""type"": ""Point""}";51.43705073251188,5.500493441225829
307987.0;;;;;;"{""coordinates"": [5.477801228973518, 51.490777693381844], ""type"": ""Point""}";51.490777693381844,5.477801228973518
307990.0;;;;;Huizingalaan;"{""coordinates"": [5.455094922562518, 51.481888745622605], ""type"": ""Point""}";51.481888745622605,5.455094922562518
307994.0;;;;;;"{""coordinates"": [5.483072337491641, 51.455116711578086], ""type"": ""Point""}";51.455116711578086,5.483072337491641
308001.0;;;;;;"{""coordinates"": [5.458977397275323, 51.47049323056882], ""type"": ""Point""}";51.47049323056882,5.458977397275323
308003.0;;;;;;"{""coordinates"": [5.492437266177412, 51.43731492700573], ""type"": ""Point""}";51.43731492700573,5.492437266177412
308004.0;;;;;;"{""coordinates"": [5.517718388181807, 51.43741820731927], ""type"": ""Point""}";51.43741820731927,5.517718388181807
308012.0;;;;;;"{""coordinates"": [5.521256628424526, 51.43472930617267], ""type"": ""Point""}";51.43472930617267,5.521256628424526
307908.0;Bestaand;EVnetNL;2.0;;Beatrix de Rijkweg;"{""coordinates"": [5.39689431818745, 51.45592300994238], ""type"": ""Point""}";51.45592300994238,5.39689431818745
307909.0;;;;;;"{""coordinates"": [5.4559502668423105, 51.427083787696866], ""type"": ""Point""}";51.427083787696866,5.4559502668423105
307910.0;;;;;;"{""coordinates"": [5.47572868727618, 51.43257091854694], ""type"": ""Point""}";51.43257091854694,5.47572868727618
307913.0;Bestaand;EVnetNL;2.0;2022-09-14T04:00:00+02:00;Graslinnen;"{""coordinates"": [5.417971541672696, 51.43526402466088], ""type"": ""Point""}";51.43526402466088,5.417971541672696
307915.0;;;;;;"{""coordinates"": [5.442096553825307, 51.41359818870929], ""type"": ""Point""}";51.41359818870929,5.442096553825307
307920.0;;;;;;"{""coordinates"": [5.503353989261199, 51.4424862051962], ""type"": ""Point""}";51.4424862051962,5.503353989261199
307922.0;;;;;;"{""coordinates"": [5.5003779021684345, 51.441398809613666], ""type"": ""Point""}";51.441398809613666,5.5003779021684345
307923.0;;;;;;"{""coordinates"": [5.475888279507835, 51.40872148846414], ""type"": ""Point""}";51.40872148846414,5.475888279507835
307934.0;;;;;;"{""coordinates"": [5.517913301544062, 51.44581854425452], ""type"": ""Point""}";51.44581854425452,5.517913301544062
307935.0;Bestaand;;2.0;;Ardechelaan, parkeerplaats;"{""coordinates"": [5.440904319461989, 51.48889726044871], ""type"": ""Point""}";51.48889726044871,5.440904319461989
307937.0;;;;;;"{""coordinates"": [5.477697899375907, 51.4691414667974], ""type"": ""Point""}";51.4691414667974,5.477697899375907
307938.0;;;;;;"{""coordinates"": [5.499919410828509, 51.46333603846164], ""type"": ""Point""}";51.46333603846164,5.499919410828509
307943.0;;;2.0;;;"{""coordinates"": [5.45112757942642, 51.43469496020564], ""type"": ""Point""}";51.43469496020564,5.45112757942642
307944.0;;;2.0;;Limburglaan;"{""coordinates"": [5.451115360541787, 51.434719065556976], ""type"": ""Point""}";51.434719065556976,5.451115360541787
307946.0;Bestaand;EVnetNL;2.0;2022-09-12T04:00:00+02:00;Biaritzplein;"{""coordinates"": [5.44985226189762, 51.48343257533035], ""type"": ""Point""}";51.48343257533035,5.44985226189762
307948.0;Bestaand;EVnetNL;2.0;;Graslelie, th hu38;"{""coordinates"": [5.418435924613966, 51.44010114657756], ""type"": ""Point""}";51.44010114657756,5.418435924613966
307950.0;;;;;;"{""coordinates"": [5.488496288204013, 51.461995968541466], ""type"": ""Point""}";51.461995968541466,5.488496288204013
307953.0;;;;;;"{""coordinates"": [5.4631112239941, 51.470146665500835], ""type"": ""Point""}";51.470146665500835,5.4631112239941
307954.0;;;;;;"{""coordinates"": [5.473119212016795, 51.44503573079011], ""type"": ""Point""}";51.44503573079011,5.473119212016795
307958.0;;;;;;"{""coordinates"": [5.462577209850242, 51.43564905741049], ""type"": ""Point""}";51.43564905741049,5.462577209850242
307959.0;;;;;;"{""coordinates"": [5.484534094794925, 51.473236029543685], ""type"": ""Point""}";51.473236029543685,5.484534094794925
307965.0;;;;;;"{""coordinates"": [5.464285247486987, 51.42795153589179], ""type"": ""Point""}";51.42795153589179,5.464285247486987
307966.0;;;;;;"{""coordinates"": [5.5069274672025985, 51.4415583173782], ""type"": ""Point""}";51.4415583173782,5.5069274672025985
307972.0;;;;;;"{""coordinates"": [5.489736001957559, 51.41753539603194], ""type"": ""Point""}";51.41753539603194,5.489736001957559
307976.0;;;;;;"{""coordinates"": [5.4669323276634465, 51.424509163456804], ""type"": ""Point""}";51.424509163456804,5.4669323276634465
307917.0;Bestaand;EVnetNL;2.0;2022-09-21T04:00:00+02:00;;"{""coordinates"": [5.439154625773929, 51.41843082843318], ""type"": ""Point""}";51.41843082843318,5.439154625773929
308016.0;;;;;;"{""coordinates"": [5.489645286314749, 51.44592272971902], ""type"": ""Point""}";51.44592272971902,5.489645286314749
308024.0;;;;;;"{""coordinates"": [5.49159744888564, 51.436126723958694], ""type"": ""Point""}";51.436126723958694,5.49159744888564
308026.0;;;;;;"{""coordinates"": [5.498339338180445, 51.43898158875938], ""type"": ""Point""}";51.43898158875938,5.498339338180445
308029.0;;;;;;"{""coordinates"": [5.468489630232049, 51.454011001413015], ""type"": ""Point""}";51.454011001413015,5.468489630232049
308030.0;Bestaand;Park n charge;2.0;2021-10-01T04:00:00+02:00;Gasfabriek;"{""coordinates"": [5.487528403978748, 51.43842826466405], ""type"": ""Point""}";51.43842826466405,5.487528403978748
308032.0;;;;;;"{""coordinates"": [5.474048834693002, 51.49110053851818], ""type"": ""Point""}";51.49110053851818,5.474048834693002
308033.0;Bestaand;Allegro;2.0;2022-09-20T04:00:00+02:00;Kuiperbergstraat;"{""coordinates"": [5.463823107211836, 51.48264499707446], ""type"": ""Point""}";51.48264499707446,5.463823107211836
308037.0;Bestaand;Allegro;2.0;2022-09-14T04:00:00+02:00;Waterlinie, th hu 475;"{""coordinates"": [5.399009136305745, 51.43863885551793], ""type"": ""Point""}";51.43863885551793,5.399009136305745
308228.0;;;;;;"{""coordinates"": [5.51237056864364, 51.425976687013296], ""type"": ""Point""}";51.425976687013296,5.51237056864364
308231.0;;;;;;"{""coordinates"": [5.513051015965173, 51.42721437856237], ""type"": ""Point""}";51.42721437856237,5.513051015965173
308232.0;;;;;;"{""coordinates"": [5.512584847606017, 51.426551498592026], ""type"": ""Point""}";51.426551498592026,5.512584847606017
308236.0;;;;;;"{""coordinates"": [5.5127394083040455, 51.42682537007985], ""type"": ""Point""}";51.42682537007985,5.5127394083040455
308223.0;Bestaand;E-flux;2.0;;;"{""coordinates"": [5.4923408594601835, 51.42509394361833], ""type"": ""Point""}";51.42509394361833,5.4923408594601835
308238.0;;;;;;"{""coordinates"": [5.512533064146861, 51.4263922029394], ""type"": ""Point""}";51.4263922029394,5.512533064146861
308239.0;;;;;;"{""coordinates"": [5.512653042654999, 51.426670929699185], ""type"": ""Point""}";51.426670929699185,5.512653042654999
308246.0;;;;;;"{""coordinates"": [5.512680103485662, 51.42709947203367], ""type"": ""Point""}";51.42709947203367,5.512680103485662
308250.0;;;;;;"{""coordinates"": [5.51244798676462, 51.42639211471387], ""type"": ""Point""}";51.42639211471387,5.51244798676462
308256.0;;;;;;"{""coordinates"": [5.5124870777454715, 51.426626120032985], ""type"": ""Point""}";51.426626120032985,5.5124870777454715
308257.0;;;;;;"{""coordinates"": [5.5123595279408635, 51.42594069020926], ""type"": ""Point""}";51.42594069020926,5.5123595279408635
308260.0;;;;;;"{""coordinates"": [5.51282152553977, 51.42710239366989], ""type"": ""Point""}";51.42710239366989,5.51282152553977
308262.0;;;;;;"{""coordinates"": [5.512226161820062, 51.426032311341324], ""type"": ""Point""}";51.426032311341324,5.512226161820062
308263.0;;;;;;"{""coordinates"": [5.512706445175517, 51.427151703854385], ""type"": ""Point""}";51.427151703854385,5.512706445175517
308267.0;;;;;;"{""coordinates"": [5.512580123822596, 51.4266846530663], ""type"": ""Point""}";51.4266846530663,5.512580123822596
308276.0;;;;;;"{""coordinates"": [5.445963931018523, 51.479319117893894], ""type"": ""Point""}";51.479319117893894,5.445963931018523
308154.0;Bestaand;Allegro;2.0;2022-09-14T04:00:00+02:00;Waterlinie;"{""coordinates"": [5.395006558700695, 51.435319538135964], ""type"": ""Point""}";51.435319538135964,5.395006558700695
308281.0;;;;;;"{""coordinates"": [5.398804358404294, 51.44174511107842], ""type"": ""Point""}";51.44174511107842,5.398804358404294
308038.0;Bestaand;Park n charge;2.0;;Gloriantstraat;"{""coordinates"": [5.4711085014236795, 51.46855060649064], ""type"": ""Point""}";51.46855060649064,5.4711085014236795
307970.0;;;;;;"{""coordinates"": [5.4873137291972505, 51.43571968537588], ""type"": ""Point""}";51.43571968537588,5.4873137291972505
308036.0;Bestaand;Allegro;2.0;2022-09-12T04:00:00+02:00;Scheldestraat, th HU 4c;"{""coordinates"": [5.425265607433037, 51.47706443517742], ""type"": ""Point""}";51.47706443517742,5.425265607433037
308048.0;;;;;;"{""coordinates"": [5.498250701335131, 51.42460994387937], ""type"": ""Point""}";51.42460994387937,5.498250701335131
308064.0;;;;;;"{""coordinates"": [5.452913321473358, 51.43872408174742], ""type"": ""Point""}";51.43872408174742,5.452913321473358
308077.0;Bestaand;Park n charge;2.0;;Bouvigne;"{""coordinates"": [5.436974101468436, 51.42323607464075], ""type"": ""Point""}";51.42323607464075,5.436974101468436
308080.0;;;;;;"{""coordinates"": [5.475717093891887, 51.451324214162774], ""type"": ""Point""}";51.451324214162774,5.475717093891887
308083.0;;;;;;"{""coordinates"": [5.47577056798278, 51.47551889576005], ""type"": ""Point""}";51.47551889576005,5.47577056798278
308041.0;Bestaand;EVnetNL;2.0;;Noordzeelaan;"{""coordinates"": [5.466312457587452, 51.47816591564707], ""type"": ""Point""}";51.47816591564707,5.466312457587452
308090.0;;;;;;"{""coordinates"": [5.5059750183844205, 51.440136790213614], ""type"": ""Point""}";51.440136790213614,5.5059750183844205
308118.0;;;;;;"{""coordinates"": [5.453311116213315, 51.44411223149829], ""type"": ""Point""}";51.44411223149829,5.453311116213315
308128.0;Bestaand;Allegro;2.0;2022-09-28T04:00:00+02:00;Peckiuslaan;"{""coordinates"": [5.431826038414278, 51.442830355406194], ""type"": ""Point""}";51.442830355406194,5.431826038414278
308133.0;;;;;;"{""coordinates"": [5.458955316830369, 51.45242043570864], ""type"": ""Point""}";51.45242043570864,5.458955316830369
308046.0;;;;;;"{""coordinates"": [5.455382011363293, 51.457016257390165], ""type"": ""Point""}";51.457016257390165,5.455382011363293
308047.0;;;;;;"{""coordinates"": [5.477402890066751, 51.47720712272881], ""type"": ""Point""}";51.47720712272881,5.477402890066751
308049.0;;;;;;"{""coordinates"": [5.460410539013502, 51.41949076912592], ""type"": ""Point""}";51.41949076912592,5.460410539013502
308052.0;Bestaand;Allegro;2.0;2022-09-14T04:00:00+02:00;Landleven;"{""coordinates"": [5.413157932576682, 51.43134535905241], ""type"": ""Point""}";51.43134535905241,5.413157932576682
308054.0;;;;;;"{""coordinates"": [5.446524853477279, 51.44857013522626], ""type"": ""Point""}";51.44857013522626,5.446524853477279
308056.0;Bestaand;Allegro;2.0;2022-09-13T04:00:00+02:00;Generaal Marshallweg;"{""coordinates"": [5.482312988824206, 51.463362640931535], ""type"": ""Point""}";51.463362640931535,5.482312988824206
308059.0;;;;;;"{""coordinates"": [5.497912699494259, 51.44393529214661], ""type"": ""Point""}";51.44393529214661,5.497912699494259
308062.0;;;;;;"{""coordinates"": [5.506133945899168, 51.437290822714445], ""type"": ""Point""}";51.437290822714445,5.506133945899168
308063.0;Bestaand;Allegro;2.0;2022-09-20T04:00:00+02:00;Elckerlyclaan;"{""coordinates"": [5.46722571144752, 51.4744593249204], ""type"": ""Point""}";51.4744593249204,5.46722571144752
308073.0;;;;;;"{""coordinates"": [5.49811443286355, 51.41651785297354], ""type"": ""Point""}";51.41651785297354,5.49811443286355
308081.0;Bestaand;Allegro;;2022-08-18T04:00:00+02:00;Eratolaan;"{""coordinates"": [5.497779420089621, 51.46334397706242], ""type"": ""Point""}";51.46334397706242,5.497779420089621
308089.0;;;;;;"{""coordinates"": [5.486287047080169, 51.432861706169625], ""type"": ""Point""}";51.432861706169625,5.486287047080169
308094.0;;;;;;"{""coordinates"": [5.4899048114956965, 51.459379556240094], ""type"": ""Point""}";51.459379556240094,5.4899048114956965
308098.0;;;;;;"{""coordinates"": [5.514460050874646, 51.440875047106566], ""type"": ""Point""}";51.440875047106566,5.514460050874646
308101.0;;;;;;"{""coordinates"": [5.495073886277, 51.46462997750468], ""type"": ""Point""}";51.46462997750468,5.495073886277
308106.0;Bestaand;Allegro;2.0;2022-09-14T04:00:00+02:00;Grasplantsoen;"{""coordinates"": [5.413971931084172, 51.433958901533835], ""type"": ""Point""}";51.433958901533835,5.413971931084172
308108.0;;;;;;"{""coordinates"": [5.460944679964635, 51.4454730218116], ""type"": ""Point""}";51.4454730218116,5.460944679964635
308113.0;;;;;;"{""coordinates"": [5.488549905028691, 51.46912674047089], ""type"": ""Point""}";51.46912674047089,5.488549905028691
308115.0;;;;;;"{""coordinates"": [5.475909232481736, 51.4170335815637], ""type"": ""Point""}";51.4170335815637,5.475909232481736
308122.0;;;;;;"{""coordinates"": [5.51499357689903, 51.44781882424216], ""type"": ""Point""}";51.44781882424216,5.51499357689903
308202.0;Bestaand;Allegro;2.0;2022-09-28T04:00:00+02:00;Willem Schroerstraat;"{""coordinates"": [5.436315484693589, 51.44557024825664], ""type"": ""Point""}";51.44557024825664,5.436315484693589
308283.0;Bestaand;OPCHARGE;2.0;2022-09-28T04:00:00+02:00;Bredalaan;"{""coordinates"": [5.439082276501476, 51.4393302624036], ""type"": ""Point""}";51.4393302624036,5.439082276501476
308142.0;Bestaand;Allegro;2.0;2022-09-14T04:00:00+02:00;Grassavanne;"{""coordinates"": [5.410504726623249, 51.44047084315017], ""type"": ""Point""}";51.44047084315017,5.410504726623249
308146.0;Aangevraagde locatie;Allegro;2.0;2022-06-16T04:00:00+02:00;;"{""coordinates"": [5.442858689051558, 51.4243549325154], ""type"": ""Point""}";51.4243549325154,5.442858689051558
308148.0;Bestaand;Allegro;2.0;2022-09-20T04:00:00+02:00;Rode Kruislaan;"{""coordinates"": [5.470180912902696, 51.48071789520771], ""type"": ""Point""}";51.48071789520771,5.470180912902696
308149.0;;;;;;"{""coordinates"": [5.450416577698197, 51.42360757845551], ""type"": ""Point""}";51.42360757845551,5.450416577698197
308150.0;;;;;;"{""coordinates"": [5.488691902570384, 51.4202103471665], ""type"": ""Point""}";51.4202103471665,5.488691902570384
308153.0;Bestaand;Allegro;2.0;2022-09-14T04:00:00+02:00;Waterlinie;"{""coordinates"": [5.395067395718504, 51.43534651793186], ""type"": ""Point""}";51.43534651793186,5.395067395718504
308167.0;Bestaand;Allegro;2.0;2022-09-13T04:00:00+02:00;Graslelie, th hu 24;"{""coordinates"": [5.417876913858738, 51.44001861825108], ""type"": ""Point""}";51.44001861825108,5.417876913858738
308177.0;;;;;;"{""coordinates"": [5.443522179540232, 51.45072136665211], ""type"": ""Point""}";51.45072136665211,5.443522179540232
308178.0;Bestaand;Allegro;2.0;2022-09-15T04:00:00+02:00;Drosserstraat;"{""coordinates"": [5.484835346423178, 51.46001125343495], ""type"": ""Point""}";51.46001125343495,5.484835346423178
308180.0;;;;;;"{""coordinates"": [5.452485964228878, 51.42533477943005], ""type"": ""Point""}";51.42533477943005,5.452485964228878
308182.0;Bestaand;Allegro;2.0;2022-09-21T04:00:00+02:00;Aldendriel;"{""coordinates"": [5.4420780356595, 51.42132181091373], ""type"": ""Point""}";51.42132181091373,5.4420780356595
308183.0;;;;;;"{""coordinates"": [5.48848828926437, 51.41578443970653], ""type"": ""Point""}";51.41578443970653,5.48848828926437
308194.0;Bestaand;Park n charge;2.0;2022-09-27T04:00:00+02:00;Milaanstraat;"{""coordinates"": [5.501965839727197, 51.481954929767156], ""type"": ""Point""}";51.481954929767156,5.501965839727197
308195.0;;;;;;"{""coordinates"": [5.491469396782612, 51.428554318065935], ""type"": ""Point""}";51.428554318065935,5.491469396782612
308197.0;;;;;;"{""coordinates"": [5.511681462780646, 51.44213134982322], ""type"": ""Point""}";51.44213134982322,5.511681462780646
308271.0;Bestaand;;2.0;2022-08-18T04:00:00+02:00;Douglashout;"{""coordinates"": [5.4566417306095225, 51.45849600458168], ""type"": ""Point""}";51.45849600458168,5.4566417306095225
308147.0;;;;;;"{""coordinates"": [5.472140530022235, 51.431068015870046], ""type"": ""Point""}";51.431068015870046,5.472140530022235
308152.0;;;;;;"{""coordinates"": [5.467011349315862, 51.459215127758696], ""type"": ""Point""}";51.459215127758696,5.467011349315862
308226.0;Bestaand;Allegro;2.0;2022-09-12T04:00:00+02:00;Vaalserbergweg;"{""coordinates"": [5.460601169310678, 51.482744303721056], ""type"": ""Point""}";51.482744303721056,5.460601169310678
308162.0;;;;;;"{""coordinates"": [5.454021765846229, 51.42926668902468], ""type"": ""Point""}";51.42926668902468,5.454021765846229
308165.0;;;;;;"{""coordinates"": [5.521380101834172, 51.44601536431496], ""type"": ""Point""}";51.44601536431496,5.521380101834172
308169.0;;;;;;"{""coordinates"": [5.498787992998375, 51.42612196516053], ""type"": ""Point""}";51.42612196516053,5.498787992998375
308172.0;;;;;;"{""coordinates"": [5.49558704569421, 51.42315981943362], ""type"": ""Point""}";51.42315981943362,5.49558704569421
308176.0;;;;;;"{""coordinates"": [5.467016094136062, 51.429835169555375], ""type"": ""Point""}";51.429835169555375,5.467016094136062
308198.0;;;;;;"{""coordinates"": [5.5119099033884495, 51.4441940058251], ""type"": ""Point""}";51.4441940058251,5.5119099033884495
308074.0;Bestaand;Park n charge;2.0;2022-09-27T04:00:00+02:00;Tarantostraat;"{""coordinates"": [5.4983631162315625, 51.483889408779554], ""type"": ""Point""}";51.483889408779554,5.4983631162315625
307983.0;Bestaand;EVnetNL;2.0;2022-09-27T04:00:00+02:00;Kiplinglaan;"{""coordinates"": [5.47803844484845, 51.48646576510568], ""type"": ""Point""}";51.48646576510568,5.47803844484845
308205.0;Voorgestelde locatie;;2.0;2022-04-26T04:00:00+02:00;;"{""coordinates"": [5.447164347367249, 51.45213329073989], ""type"": ""Point""}";51.45213329073989,5.447164347367249
308085.0;Bestaand;Allegro;2.0;;Vaalserbergweg;"{""coordinates"": [5.456440961975451, 51.48177800319901], ""type"": ""Point""}";51.48177800319901,5.456440961975451
307992.0;;;;;;"{""coordinates"": [5.47068229625343, 51.45605120574494], ""type"": ""Point""}";51.45605120574494,5.47068229625343
307995.0;;;;;;"{""coordinates"": [5.483288688531714, 51.4404594068248], ""type"": ""Point""}";51.4404594068248,5.483288688531714
307996.0;;;;;;"{""coordinates"": [5.471391941654888, 51.488154205380255], ""type"": ""Point""}";51.488154205380255,5.471391941654888
308002.0;;;;;;"{""coordinates"": [5.497701738938533, 51.41670450912969], ""type"": ""Point""}";51.41670450912969,5.497701738938533
308006.0;Bestaand;;2.0;2022-09-27T04:00:00+02:00;Venetiestraat;"{""coordinates"": [5.497730590554436, 51.48384344925307], ""type"": ""Point""}";51.48384344925307,5.497730590554436
308007.0;;;;;;"{""coordinates"": [5.476135986604761, 51.43723519109131], ""type"": ""Point""}";51.43723519109131,5.476135986604761
308009.0;Bestaand;EVnetNL;2.0;2022-09-27T04:00:00+02:00;Tarwelaan;"{""coordinates"": [5.49162798339112, 51.47692477984042], ""type"": ""Point""}";51.47692477984042,5.49162798339112
308010.0;Bestaand;Allegro;2.0;2022-09-14T04:00:00+02:00;Bosfazant;"{""coordinates"": [5.4166755762842085, 51.44450967071866], ""type"": ""Point""}";51.44450967071866,5.4166755762842085
308014.0;Bestaand;EVnetNL;2.0;2022-09-20T04:00:00+02:00;Pietersbergweg;"{""coordinates"": [5.460275196859116, 51.48109534389262], ""type"": ""Point""}";51.48109534389262,5.460275196859116
307900.0;Bestaand;EVnetNL;2.0;2022-09-28T04:00:00+02:00;;"{""coordinates"": [5.435901278963346, 51.43917234177628], ""type"": ""Point""}";51.43917234177628,5.435901278963346
307902.0;Bestaand;EVnetNL;2.0;2022-09-27T04:00:00+02:00;Anconalaan;"{""coordinates"": [5.500067185286218, 51.486135697250575], ""type"": ""Point""}";51.486135697250575,5.500067185286218
307903.0;;;;;;"{""coordinates"": [5.468774348142098, 51.43698482880509], ""type"": ""Point""}";51.43698482880509,5.468774348142098
307904.0;;;;;;"{""coordinates"": [5.458936155404045, 51.44541151872711], ""type"": ""Point""}";51.44541151872711,5.458936155404045
307906.0;Bestaand;EVnetNL;1.0;;Hurksestraat;"{""coordinates"": [5.446790820684049, 51.42973880344513], ""type"": ""Point""}";51.42973880344513,5.446790820684049
307907.0;Bestaand;EVnetNL;2.0;2022-09-28T04:00:00+02:00;Welschapsedijk;"{""coordinates"": [5.430304179239265, 51.440448070269355], ""type"": ""Point""}";51.440448070269355,5.430304179239265
307912.0;Aangevraagde locatie;EVnetNL;2.0;2022-09-12T04:00:00+02:00;;"{""coordinates"": [5.411870183021714, 51.439155444394814], ""type"": ""Point""}";51.439155444394814,5.411870183021714
307924.0;Bestaand;;2.0;2022-09-15T04:00:00+02:00;St Petrus Canissiuslaan;"{""coordinates"": [5.509256656691357, 51.42780621504954], ""type"": ""Point""}";51.42780621504954,5.509256656691357
307928.0;;;;;;"{""coordinates"": [5.4835864543116895, 51.421399772439514], ""type"": ""Point""}";51.421399772439514,5.4835864543116895
307929.0;;;;;;"{""coordinates"": [5.469193615310795, 51.44030341267753], ""type"": ""Point""}";51.44030341267753,5.469193615310795
307930.0;;;;;;"{""coordinates"": [5.494384522059126, 51.43128427500629], ""type"": ""Point""}";51.43128427500629,5.494384522059126
307931.0;;;;;;"{""coordinates"": [5.487300991413063, 51.4263592908426], ""type"": ""Point""}";51.4263592908426,5.487300991413063
307933.0;;;;;;"{""coordinates"": [5.496855688123595, 51.45322322122792], ""type"": ""Point""}";51.45322322122792,5.496855688123595
307936.0;;;;;;"{""coordinates"": [5.485325385519188, 51.476706630152066], ""type"": ""Point""}";51.476706630152066,5.485325385519188
307940.0;Bestaand;Allegro;2.0;2022-09-14T04:00:00+02:00;Zanddrager;"{""coordinates"": [5.410371730833039, 51.44654934161225], ""type"": ""Point""}";51.44654934161225,5.410371730833039
307941.0;;;;;;"{""coordinates"": [5.450202740276187, 51.44418063450457], ""type"": ""Point""}";51.44418063450457,5.450202740276187
307947.0;;;;;;"{""coordinates"": [5.459022016145026, 51.45669111371407], ""type"": ""Point""}";51.45669111371407,5.459022016145026
307949.0;;;;;;"{""coordinates"": [5.475393374242932, 51.42949669429507], ""type"": ""Point""}";51.42949669429507,5.475393374242932
307951.0;;;;;;"{""coordinates"": [5.503131012164747, 51.41682298500349], ""type"": ""Point""}";51.41682298500349,5.503131012164747
307952.0;;;;;;"{""coordinates"": [5.475592587708546, 51.480613257929804], ""type"": ""Point""}";51.480613257929804,5.475592587708546
307956.0;;;;;;"{""coordinates"": [5.461291492831455, 51.4230515743452], ""type"": ""Point""}";51.4230515743452,5.461291492831455
307957.0;;;;;;"{""coordinates"": [5.494623813057859, 51.427338769525576], ""type"": ""Point""}";51.427338769525576,5.494623813057859
307962.0;;;;;;"{""coordinates"": [5.457122880792763, 51.43922287227462], ""type"": ""Point""}";51.43922287227462,5.457122880792763
307964.0;;;;;;"{""coordinates"": [5.4897631670875136, 51.45279825429043], ""type"": ""Point""}";51.45279825429043,5.4897631670875136
307967.0;;;;;;"{""coordinates"": [5.48617592012011, 51.44234190343708], ""type"": ""Point""}";51.44234190343708,5.48617592012011
307973.0;;;;;;"{""coordinates"": [5.443511055992512, 51.415777729181535], ""type"": ""Point""}";51.415777729181535,5.443511055992512
307974.0;;;;;;"{""coordinates"": [5.519159337084277, 51.45096660517342], ""type"": ""Point""}";51.45096660517342,5.519159337084277
307975.0;;;;;;"{""coordinates"": [5.490529555364767, 51.472247102619754], ""type"": ""Point""}";51.472247102619754,5.490529555364767
307980.0;Bestaand;Allegro;2.0;2022-09-14T04:00:00+02:00;Zandroos;"{""coordinates"": [5.4062949695905145, 51.44565655270491], ""type"": ""Point""}";51.44565655270491,5.4062949695905145
308270.0;Bestaand;Allegro;2.0;2022-08-18T04:00:00+02:00;Willem van Noortlaan;"{""coordinates"": [5.4570795079929475, 51.460441834431975], ""type"": ""Point""}";51.460441834431975,5.4570795079929475
308099.0;Bestaand;Allegro;2.0;2022-09-21T04:00:00+02:00;Goudestein;"{""coordinates"": [5.4355281787089025, 51.42164759308746], ""type"": ""Point""}";51.42164759308746,5.4355281787089025
308015.0;;;;;;"{""coordinates"": [5.4895727910865135, 51.445917723870096], ""type"": ""Point""}";51.445917723870096,5.4895727910865135
308017.0;;;;;;"{""coordinates"": [5.489715223105448, 51.445928627653466], ""type"": ""Point""}";51.445928627653466,5.489715223105448
308018.0;Bestaand;E-flux;2.0;2022-09-14T04:00:00+02:00;Waterwijk, th hu 13;"{""coordinates"": [5.394465156334661, 51.43780667887514], ""type"": ""Point""}";51.43780667887514,5.394465156334661
308019.0;;;;;;"{""coordinates"": [5.458613976863568, 51.438355053979485], ""type"": ""Point""}";51.438355053979485,5.458613976863568
308020.0;;;;;;"{""coordinates"": [5.450047148046218, 51.423587590075286], ""type"": ""Point""}";51.423587590075286,5.450047148046218
308021.0;;;;;;"{""coordinates"": [5.446367479429801, 51.40825020942072], ""type"": ""Point""}";51.40825020942072,5.446367479429801
308025.0;;;;;;"{""coordinates"": [5.469562525859525, 51.434777590170015], ""type"": ""Point""}";51.434777590170015,5.469562525859525
308229.0;;;;;;"{""coordinates"": [5.512864505389341, 51.4273013657538], ""type"": ""Point""}";51.4273013657538,5.512864505389341
308235.0;;;;;;"{""coordinates"": [5.5123278236004865, 51.426260173163044], ""type"": ""Point""}";51.426260173163044,5.5123278236004865
308237.0;;;;;;"{""coordinates"": [5.5124653606621, 51.42639908023175], ""type"": ""Point""}";51.42639908023175,5.5124653606621
308240.0;;;;;;"{""coordinates"": [5.512884088434091, 51.42708725213038], ""type"": ""Point""}";51.42708725213038,5.512884088434091
308243.0;;;;;;"{""coordinates"": [5.512888388112324, 51.42734818899861], ""type"": ""Point""}";51.42734818899861,5.512888388112324
308244.0;;;;;;"{""coordinates"": [5.512695604032261, 51.42712049783843], ""type"": ""Point""}";51.42712049783843,5.512695604032261
308248.0;;;;;;"{""coordinates"": [5.512397727106157, 51.42624293861979], ""type"": ""Point""}";51.42624293861979,5.512397727106157
308252.0;;;;;;"{""coordinates"": [5.5127456530294, 51.426983618128055], ""type"": ""Point""}";51.426983618128055,5.5127456530294
308253.0;;;;;;"{""coordinates"": [5.512715530999258, 51.427224277687394], ""type"": ""Point""}";51.427224277687394,5.512715530999258
308254.0;;;;;;"{""coordinates"": [5.512636864820826, 51.42675381381336], ""type"": ""Point""}";51.42675381381336,5.512636864820826
308255.0;;;;;;"{""coordinates"": [5.512426563366165, 51.42642368804086], ""type"": ""Point""}";51.42642368804086,5.512426563366165
308261.0;;;;;;"{""coordinates"": [5.512890034918884, 51.4272466510419], ""type"": ""Point""}";51.4272466510419,5.512890034918884
308264.0;;;;;;"{""coordinates"": [5.513072142250426, 51.42722103431841], ""type"": ""Point""}";51.42722103431841,5.513072142250426
308266.0;;;;;;"{""coordinates"": [5.512818699864382, 51.42696922935694], ""type"": ""Point""}";51.42696922935694,5.512818699864382
308269.0;Aangevraagde locatie;Park n charge;2.0;;;"{""coordinates"": [5.490975313838706, 51.42966101339361], ""type"": ""Point""}";51.42966101339361,5.490975313838706
308215.0;Aangevraagde locatie;E-flux;2.0;2022-05-01T04:00:00+02:00;Marseillelaan;"{""coordinates"": [5.445671173057305, 51.47930453314832], ""type"": ""Point""}";51.47930453314832,5.445671173057305
308278.0;Bestaand;E-flux;2.0;2022-09-14T04:00:00+02:00;Waterfront;"{""coordinates"": [5.398761446571334, 51.44184383083563], ""type"": ""Point""}";51.44184383083563,5.398761446571334
307914.0;;EVnetNL;2.0;;;"{""coordinates"": [5.4226026360561645, 51.43519890026432], ""type"": ""Point""}";51.43519890026432,5.4226026360561645
308028.0;;;;;;"{""coordinates"": [5.457435497604777, 51.42118494830109], ""type"": ""Point""}";51.42118494830109,5.457435497604777
